ID,Name,Last Name,Equipment,Temperature,Health Issue,Terrain,Free Time,Bike Ride
3283,Fatma,Çelik,No,28,No,Hilly,No,No
9150,Ahmet,Öztürk,No,21,No,Hilly,No,No
4131,Emine,Arslan,No,21,No,Flat,Yes,No
2155,Mehmet,Kaya,No,27,No,Flat,No,No
6132,Hüseyin,Kaya,Yes,16,Yes,Hilly,Yes,No
7247,Elif,Demir,Yes,23,No,Flat,No,No
7722,Fatma,Arslan,No,24,No,Flat,No,No
3898,Emine,Aydın,No,26,No,Hilly,No,No
7486,Ali,Öztürk,No,15,No,Hilly,No,No
5906,Mehmet,Demir,No,21,No,Flat,No,No
6487,Mustafa,Öztürk,No,19,No,Hilly,Yes,No
8183,Elif,Yılmaz,No,23,Yes,Flat,Yes,No
1577,Elif,Yıldız,Yes,23,No,Hilly,No,No
8868,Zeynep,Şahin,Yes,29,Yes,Flat,Yes,Yes
1473,Zeynep,Yıldız,Yes,23,No,Hilly,No,No
7975,Hüseyin,Kaya,No,22,Yes,Flat,Yes,Yes
3616,Mustafa,Şahin,No,24,Yes,Flat,No,No
4762,Emine,Kaya,Yes,17,No,Flat,No,No
7176,Mehmet,Aydın,No,31,Yes,Hilly,No,No
8188,Emine,Çelik,Yes,20,No,Hilly,No,No
5663,Ali,Demir,No,31,Yes,Flat,Yes,No
7631,Mehmet,Aydın,Yes,16,Yes,Hilly,No,No
6673,Mehmet,Çelik,No,20,No,Hilly,No,No
2908,Mustafa,Şahin,Yes,18,Yes,Flat,No,No
5816,Ahmet,Yıldız,No,30,Yes,Hilly,No,No
7443,Emine,Aydın,No,20,Yes,Hilly,No,No
1604,Hüseyin,Öztürk,No,17,Yes,Flat,No,No
7851,Fatma,Doğan,No,23,No,Flat,Yes,Yes
8493,Ali,Doğan,No,24,No,Hilly,No,No
3989,Mustafa,Çelik,Yes,20,No,Hilly,No,No
8765,Hüseyin,Çelik,No,16,No,Flat,No,No
7645,Ayşe,Şahin,No,24,No,Flat,Yes,Yes
1294,Elif,Arslan,Yes,30,No,Flat,No,No
4484,Ayşe,Öztürk,Yes,17,Yes,Flat,Yes,Yes
9488,Ahmet,Aydın,Yes,25,Yes,Hilly,Yes,No
3969,Fatma,Şahin,Yes,16,No,Flat,Yes,Yes
6706,Ali,Yıldız,Yes,27,No,Flat,Yes,No
7652,Ayşe,Yıldız,No,35,No,Flat,Yes,No
8297,Mustafa,Yıldız,No,21,No,Flat,No,No
6757,Zeynep,Arslan,Yes,18,Yes,Flat,No,No
8641,Mustafa,Kaya,Yes,22,Yes,Hilly,No,No
6414,Hüseyin,Şahin,No,31,Yes,Hilly,Yes,No
2538,Mehmet,Arslan,No,32,Yes,Hilly,No,No
4594,Mehmet,Doğan,Yes,35,Yes,Hilly,No,No
8512,Elif,Aydın,No,21,Yes,Flat,Yes,Yes
9608,Zeynep,Yıldız,No,22,Yes,Flat,No,No
2831,Fatma,Şahin,Yes,25,Yes,Hilly,No,No
2878,Ayşe,Demir,Yes,18,Yes,Flat,Yes,Yes
2379,Zeynep,Yıldız,Yes,15,Yes,Hilly,Yes,No
7501,Emine,Doğan,Yes,33,No,Hilly,No,No
3157,Fatma,Öztürk,Yes,32,Yes,Flat,Yes,No
5641,Ayşe,Yılmaz,No,15,No,Flat,Yes,Yes
1755,Mustafa,Yıldız,Yes,34,Yes,Hilly,No,No
3780,Emine,Yılmaz,No,15,No,Hilly,No,No
6201,Ahmet,Doğan,No,28,Yes,Flat,Yes,Yes
3464,Emine,Arslan,No,16,Yes,Flat,Yes,No
8078,Zeynep,Yılmaz,No,24,Yes,Hilly,No,No
8084,Hüseyin,Demir,No,33,Yes,Hilly,Yes,No
7826,Zeynep,Kaya,Yes,29,No,Flat,No,No
9650,Ayşe,Şahin,Yes,24,No,Hilly,No,No
8814,Ayşe,Çelik,No,25,No,Flat,Yes,Yes
3181,Zeynep,Kaya,Yes,34,Yes,Hilly,Yes,Yes
2427,Fatma,Yıldız,No,15,Yes,Flat,No,No
5753,Emine,Yılmaz,No,32,No,Hilly,Yes,No
9435,Hüseyin,Kaya,No,34,No,Flat,No,No
8340,Ali,Aydın,Yes,16,Yes,Hilly,Yes,Yes
9500,Zeynep,Çelik,Yes,25,No,Flat,No,No
1184,Mustafa,Arslan,No,21,Yes,Hilly,Yes,No
9270,Mehmet,Şahin,Yes,30,No,Hilly,No,No
1524,Ahmet,Arslan,Yes,26,No,Hilly,No,No
3171,Emine,Öztürk,Yes,25,Yes,Hilly,No,No
8258,Ahmet,Arslan,Yes,15,No,Hilly,No,No
1093,Emine,Aydın,No,17,Yes,Hilly,Yes,No
9688,Ali,Kaya,Yes,24,No,Flat,No,No
5588,Fatma,Şahin,Yes,28,No,Hilly,No,No
8311,Mehmet,Kaya,Yes,18,No,Flat,Yes,No
3684,Ayşe,Aydın,Yes,23,No,Hilly,No,No
7624,Fatma,Aydın,No,30,No,Hilly,Yes,Yes
6312,Fatma,Yılmaz,Yes,31,No,Hilly,No,No
9851,Hüseyin,Çelik,No,32,Yes,Flat,No,No
4327,Ali,Yılmaz,Yes,24,No,Flat,Yes,Yes
5935,Ali,Doğan,No,29,Yes,Hilly,No,No
2181,Elif,Yılmaz,No,33,No,Flat,No,No
5867,Ahmet,Çelik,Yes,33,No,Hilly,Yes,Yes
5116,Ali,Çelik,No,24,Yes,Hilly,No,No
3612,Hüseyin,Doğan,No,21,Yes,Hilly,Yes,No
1680,Zeynep,Çelik,Yes,28,No,Hilly,Yes,Yes
6295,Mehmet,Öztürk,No,21,Yes,Flat,No,No
1272,Mehmet,Yılmaz,Yes,17,Yes,Flat,Yes,Yes
6183,Elif,Kaya,No,34,Yes,Flat,No,No
8130,Ayşe,Arslan,Yes,32,No,Hilly,No,No
7113,Fatma,Arslan,Yes,15,Yes,Hilly,Yes,Yes
7218,Emine,Çelik,Yes,29,Yes,Hilly,Yes,Yes
2940,Ali,Demir,No,23,No,Flat,Yes,Yes
3933,Mehmet,Arslan,Yes,33,Yes,Flat,No,No
5406,Ahmet,Çelik,Yes,16,Yes,Flat,No,No
8462,Fatma,Şahin,Yes,20,Yes,Flat,Yes,No
7078,Ali,Yılmaz,Yes,24,No,Hilly,Yes,No
2419,Hüseyin,Çelik,Yes,23,Yes,Flat,No,No
8329,Ali,Kaya,Yes,32,No,Flat,Yes,No
